insert into csm_user_group (id, name, admin, chat, super_id) values(unhex(replace('0f08a07c-f11e-44d1-a4c5-44016b65b296','-','')), 'Test User Group System', 1, 0, null);
insert into csm_user_group (id, name, admin, chat, super_id) values(unhex(replace('789c46a2-ea6c-44f6-8589-3b02ddbdb36b','-','')), 'Test User Group President', 1, 0, unhex(replace('0f08a07c-f11e-44d1-a4c5-44016b65b296','-','')));
insert into csm_user_group (id, name, admin, chat, super_id) values(unhex(replace('d3c34241-3b77-4951-a91a-3881279bbbba','-','')), 'Test User Group Faq Admin', 1, 0, unhex(replace('789c46a2-ea6c-44f6-8589-3b02ddbdb36b','-','')));
insert into csm_user_group (id, name, admin, chat, super_id) values(unhex(replace('ec442df6-3f40-4b52-a312-c6a913ad7ff0','-','')), 'Test User Group Faq', 1, 0, unhex(replace('d3c34241-3b77-4951-a91a-3881279bbbba','-','')));
insert into csm_user_group (id, name, admin, chat, super_id) values(unhex(replace('91be9c9e-686c-4e65-8818-6f0fb380b2f2','-','')), 'Test User Group Chat Admin', 1, 0, unhex(replace('789c46a2-ea6c-44f6-8589-3b02ddbdb36b','-','')));
insert into csm_user_group (id, name, admin, chat, super_id) values(unhex(replace('abac0f26-d51b-4b6c-a8a4-77ff598baa89','-','')), 'Test User Group Chat', 1, 1, unhex(replace('91be9c9e-686c-4e65-8818-6f0fb380b2f2','-','')));
insert into csm_user_group (id, name, admin, chat, super_id) values(unhex(replace('2b78cd4a-406e-4395-a7f0-cde02a58673e','-','')), 'Test User Group Customer', 0, 0, null);

insert into csm_user_group (id, name, admin, chat, super_id) values(unhex(replace('5a0452fe-d6ea-1034-a268-c6b53a0158b7','-','')), 'Test User Group-1', 1, 0, null);
insert into csm_user_group (id, name, admin, chat, super_id) values(unhex(replace('11d5f5f7-d6eb-1034-a268-c6b53a0158b7','-','')), 'Test User Group-1-1', 1, 0, unhex(replace('5a0452fe-d6ea-1034-a268-c6b53a0158b7','-','')));
insert into csm_user_group (id, name, admin, chat, super_id) values(unhex(replace('19b7ca19-d6eb-1034-a268-c6b53a0158b7','-','')), 'Test User Group-1-1-1', 1, 0, unhex(replace('11d5f5f7-d6eb-1034-a268-c6b53a0158b7','-','')));
insert into csm_user_group (id, name, admin, chat, super_id) values(unhex(replace('2a18df1d-d6eb-1034-a268-c6b53a0158b7','-','')), 'Test User Group-1-1-2', 1, 0, unhex(replace('11d5f5f7-d6eb-1034-a268-c6b53a0158b7','-','')));
insert into csm_user_group (id, name, admin, chat, super_id) values(unhex(replace('2189b421-d6eb-1034-a268-c6b53a0158b7','-','')), 'Test User Group-1-1-1-1', 1, 0, unhex(replace('19b7ca19-d6eb-1034-a268-c6b53a0158b7','-','')));

insert into csm_role (id, name) values(unhex(replace('0f08a07c-f11e-44d1-a4c5-44016b65b296','-','')), 'Test Role System');
insert into csm_role (id, name) values(unhex(replace('ec442df6-3f40-4b52-a312-c6a913ad7ff0','-','')), 'Test Role Faq');
insert into csm_role (id, name) values(unhex(replace('abac0f26-d51b-4b6c-a8a4-77ff598baa89','-','')), 'Test Role Chat');

insert into csm_role (id, name) values(unhex(replace('5a0452fe-d6ea-1034-a268-c6b53a0158b7','-','')), 'Test Role-1');
insert into csm_role (id, name) values(unhex(replace('11d5f5f7-d6eb-1034-a268-c6b53a0158b7','-','')), 'Test Role-1-1');
insert into csm_role (id, name) values(unhex(replace('19b7ca19-d6eb-1034-a268-c6b53a0158b7','-','')), 'Test Role-1-1-1');
insert into csm_role (id, name) values(unhex(replace('2a18df1d-d6eb-1034-a268-c6b53a0158b7','-','')), 'Test Role-1-1-2');
insert into csm_role (id, name) values(unhex(replace('2189b421-d6eb-1034-a268-c6b53a0158b7','-','')), 'Test Role-1-1-1-1');

insert into csm_permission (id, name, permission) values(unhex(replace('5a0452fe-d6ea-1034-a268-c6b53a0158b7','-','')), 'Test Permission-1', 'Test Permission-1-Value');
insert into csm_permission (id, name, permission) values(unhex(replace('11d5f5f7-d6eb-1034-a268-c6b53a0158b7','-','')), 'Test Permission-1-1', 'Test Permission-1-1-Value');
insert into csm_permission (id, name, permission) values(unhex(replace('19b7ca19-d6eb-1034-a268-c6b53a0158b7','-','')), 'Test Permission-1-1-1', 'Test Permission-1-1-1-Value');
insert into csm_permission (id, name, permission) values(unhex(replace('2a18df1d-d6eb-1034-a268-c6b53a0158b7','-','')), 'Test Permission-1-1-2', 'Test Permission-1-1-2-Value');
insert into csm_permission (id, name, permission) values(unhex(replace('2189b421-d6eb-1034-a268-c6b53a0158b7','-','')), 'Test Permission-1-1-1-1', 'Test Permission-1-1-1-1-Value');

insert into csm_user_group_role (id, user_group_id, role_id) values(unhex(replace('0f08a07c-f11e-44d1-a4c5-44016b65b296','-','')), unhex(replace('0f08a07c-f11e-44d1-a4c5-44016b65b296','-','')), unhex(replace('0f08a07c-f11e-44d1-a4c5-44016b65b296','-','')));
insert into csm_user_group_role (id, user_group_id, role_id) values(unhex(replace('abac0f26-d51b-4b6c-a8a4-77ff598baa89','-','')), unhex(replace('abac0f26-d51b-4b6c-a8a4-77ff598baa89','-','')), unhex(replace('abac0f26-d51b-4b6c-a8a4-77ff598baa89','-','')));
insert into csm_user_group_role (id, user_group_id, role_id) values(unhex(replace('ec442df6-3f40-4b52-a312-c6a913ad7ff0','-','')), unhex(replace('ec442df6-3f40-4b52-a312-c6a913ad7ff0','-','')), unhex(replace('ec442df6-3f40-4b52-a312-c6a913ad7ff0','-','')));

insert into csm_user_group_role (id, user_group_id, role_id) values(unhex(replace('5a0452fe-d6ea-1034-a268-c6b53a0158b7','-','')), unhex(replace('5a0452fe-d6ea-1034-a268-c6b53a0158b7','-','')), unhex(replace('5a0452fe-d6ea-1034-a268-c6b53a0158b7','-','')));
insert into csm_user_group_role (id, user_group_id, role_id) values(unhex(replace('11d5f5f7-d6eb-1034-a268-c6b53a0158b7','-','')), unhex(replace('11d5f5f7-d6eb-1034-a268-c6b53a0158b7','-','')), unhex(replace('11d5f5f7-d6eb-1034-a268-c6b53a0158b7','-','')));
insert into csm_user_group_role (id, user_group_id, role_id) values(unhex(replace('19b7ca19-d6eb-1034-a268-c6b53a0158b7','-','')), unhex(replace('19b7ca19-d6eb-1034-a268-c6b53a0158b7','-','')), unhex(replace('19b7ca19-d6eb-1034-a268-c6b53a0158b7','-','')));
insert into csm_user_group_role (id, user_group_id, role_id) values(unhex(replace('2a18df1d-d6eb-1034-a268-c6b53a0158b7','-','')), unhex(replace('2a18df1d-d6eb-1034-a268-c6b53a0158b7','-','')), unhex(replace('2a18df1d-d6eb-1034-a268-c6b53a0158b7','-','')));
insert into csm_user_group_role (id, user_group_id, role_id) values(unhex(replace('2189b421-d6eb-1034-a268-c6b53a0158b7','-','')), unhex(replace('2189b421-d6eb-1034-a268-c6b53a0158b7','-','')), unhex(replace('2189b421-d6eb-1034-a268-c6b53a0158b7','-','')));

insert into csm_role_permission (id, role_id, permission_id) values(unhex(replace('ba690893-ff53-4280-9919-59b150ff0eec','-','')), unhex(replace('0f08a07c-f11e-44d1-a4c5-44016b65b296','-','')), unhex(replace('ba690893-ff53-4280-9919-59b150ff0eec','-','')));
insert into csm_role_permission (id, role_id, permission_id) values(unhex(replace('1c01e7ab-fab4-4b1a-b9c1-a594c963ea13','-','')), unhex(replace('0f08a07c-f11e-44d1-a4c5-44016b65b296','-','')), unhex(replace('1c01e7ab-fab4-4b1a-b9c1-a594c963ea13','-','')));
insert into csm_role_permission (id, role_id, permission_id) values(unhex(replace('2118098e-6fe9-4127-bb7f-1c2e0677b665','-','')), unhex(replace('0f08a07c-f11e-44d1-a4c5-44016b65b296','-','')), unhex(replace('2118098e-6fe9-4127-bb7f-1c2e0677b665','-','')));
insert into csm_role_permission (id, role_id, permission_id) values(unhex(replace('b203dfb9-0bde-45b7-b9bb-949337000574','-','')), unhex(replace('0f08a07c-f11e-44d1-a4c5-44016b65b296','-','')), unhex(replace('b203dfb9-0bde-45b7-b9bb-949337000574','-','')));
insert into csm_role_permission (id, role_id, permission_id) values(unhex(replace('4cbd16e8-070f-44cd-8b0c-ca0272561a18','-','')), unhex(replace('0f08a07c-f11e-44d1-a4c5-44016b65b296','-','')), unhex(replace('4cbd16e8-070f-44cd-8b0c-ca0272561a18','-','')));
insert into csm_role_permission (id, role_id, permission_id) values(unhex(replace('a9f7e473-6140-4fea-a67a-5b4fda0b38fd','-','')), unhex(replace('ec442df6-3f40-4b52-a312-c6a913ad7ff0','-','')), unhex(replace('a9f7e473-6140-4fea-a67a-5b4fda0b38fd','-','')));
insert into csm_role_permission (id, role_id, permission_id) values(unhex(replace('9b3da7a4-b4c5-4d28-9a3f-dc766c6d6315','-','')), unhex(replace('ec442df6-3f40-4b52-a312-c6a913ad7ff0','-','')), unhex(replace('9b3da7a4-b4c5-4d28-9a3f-dc766c6d6315','-','')));
insert into csm_role_permission (id, role_id, permission_id) values(unhex(replace('7ae2d273-fc87-4b4a-b72b-f6d46305227b','-','')), unhex(replace('ec442df6-3f40-4b52-a312-c6a913ad7ff0','-','')), unhex(replace('f672d155-072e-419d-815c-43f7ba6ef96a','-','')));
insert into csm_role_permission (id, role_id, permission_id) values(unhex(replace('03c07200-fd85-49c4-8857-bda9161a1587','-','')), unhex(replace('abac0f26-d51b-4b6c-a8a4-77ff598baa89','-','')), unhex(replace('f672d155-072e-419d-815c-43f7ba6ef96a','-','')));

insert into csm_role_permission (id, role_id, permission_id) values(unhex(replace('5a0452fe-d6ea-1034-a268-c6b53a0158b7','-','')), unhex(replace('5a0452fe-d6ea-1034-a268-c6b53a0158b7','-','')), unhex(replace('5a0452fe-d6ea-1034-a268-c6b53a0158b7','-','')));
insert into csm_role_permission (id, role_id, permission_id) values(unhex(replace('11d5f5f7-d6eb-1034-a268-c6b53a0158b7','-','')), unhex(replace('11d5f5f7-d6eb-1034-a268-c6b53a0158b7','-','')), unhex(replace('11d5f5f7-d6eb-1034-a268-c6b53a0158b7','-','')));
insert into csm_role_permission (id, role_id, permission_id) values(unhex(replace('19b7ca19-d6eb-1034-a268-c6b53a0158b7','-','')), unhex(replace('19b7ca19-d6eb-1034-a268-c6b53a0158b7','-','')), unhex(replace('19b7ca19-d6eb-1034-a268-c6b53a0158b7','-','')));
insert into csm_role_permission (id, role_id, permission_id) values(unhex(replace('2a18df1d-d6eb-1034-a268-c6b53a0158b7','-','')), unhex(replace('2a18df1d-d6eb-1034-a268-c6b53a0158b7','-','')), unhex(replace('2a18df1d-d6eb-1034-a268-c6b53a0158b7','-','')));
insert into csm_role_permission (id, role_id, permission_id) values(unhex(replace('2189b421-d6eb-1034-a268-c6b53a0158b7','-','')), unhex(replace('2189b421-d6eb-1034-a268-c6b53a0158b7','-','')), unhex(replace('2189b421-d6eb-1034-a268-c6b53a0158b7','-','')));

insert into csm_user (id, username, password, salt, active, user_group_id) values(unhex(replace('0f08a07c-f11e-44d1-a4c5-44016b65b296','-','')), 'system', '1fbba1433812e09ca3ca25050d3e5bf3dd5a1739b82ae0293ecde54ec70ebbf7', '4124beff23b65c41', 1, unhex(replace('0f08a07c-f11e-44d1-a4c5-44016b65b296','-','')));
insert into csm_user (id, username, password, salt, active, user_group_id) values(unhex(replace('789c46a2-ea6c-44f6-8589-3b02ddbdb36b','-','')), 'president', '1fbba1433812e09ca3ca25050d3e5bf3dd5a1739b82ae0293ecde54ec70ebbf7', '4124beff23b65c41', 1, unhex(replace('789c46a2-ea6c-44f6-8589-3b02ddbdb36b','-','')));
insert into csm_user (id, username, password, salt, active, user_group_id) values(unhex(replace('d3c34241-3b77-4951-a91a-3881279bbbba','-','')), 'faqadmin', '1fbba1433812e09ca3ca25050d3e5bf3dd5a1739b82ae0293ecde54ec70ebbf7', '4124beff23b65c41', 1, unhex(replace('d3c34241-3b77-4951-a91a-3881279bbbba','-','')));
insert into csm_user (id, username, password, salt, active, user_group_id) values(unhex(replace('ec442df6-3f40-4b52-a312-c6a913ad7ff0','-','')), 'faq', '1fbba1433812e09ca3ca25050d3e5bf3dd5a1739b82ae0293ecde54ec70ebbf7', '4124beff23b65c41', 1, unhex(replace('ec442df6-3f40-4b52-a312-c6a913ad7ff0','-','')));
insert into csm_user (id, username, password, salt, active, user_group_id) values(unhex(replace('91be9c9e-686c-4e65-8818-6f0fb380b2f2','-','')), 'chatadmin', '1fbba1433812e09ca3ca25050d3e5bf3dd5a1739b82ae0293ecde54ec70ebbf7', '4124beff23b65c41', 1, unhex(replace('91be9c9e-686c-4e65-8818-6f0fb380b2f2','-','')));
insert into csm_user (id, username, password, salt, active, user_group_id) values(unhex(replace('abac0f26-d51b-4b6c-a8a4-77ff598baa89','-','')), 'chat', '1fbba1433812e09ca3ca25050d3e5bf3dd5a1739b82ae0293ecde54ec70ebbf7', '4124beff23b65c41', 1, unhex(replace('abac0f26-d51b-4b6c-a8a4-77ff598baa89','-','')));
insert into csm_user (id, username, password, salt, active, user_group_id) values(unhex(replace('4499a6d6-852f-4b44-863f-bc67097c0c0b','-','')), 'cust1', '1fbba1433812e09ca3ca25050d3e5bf3dd5a1739b82ae0293ecde54ec70ebbf7', '4124beff23b65c41', 1, unhex(replace('2b78cd4a-406e-4395-a7f0-cde02a58673e','-','')));
insert into csm_user (id, username, password, salt, active, user_group_id) values(unhex(replace('5ab5e407-9a6a-4e3b-90db-2aa3dc267012','-','')), 'cust2', '1fbba1433812e09ca3ca25050d3e5bf3dd5a1739b82ae0293ecde54ec70ebbf7', '4124beff23b65c41', 1, unhex(replace('2b78cd4a-406e-4395-a7f0-cde02a58673e','-','')));
insert into csm_user (id, username, password, salt, active, user_group_id) values(unhex(replace('b3555f85-5eb6-4dd9-ba5a-c797eb3d02d4','-','')), 'cust3', '1fbba1433812e09ca3ca25050d3e5bf3dd5a1739b82ae0293ecde54ec70ebbf7', '4124beff23b65c41', 1, unhex(replace('2b78cd4a-406e-4395-a7f0-cde02a58673e','-','')));

insert into csm_faq_category (id, name, description, create_user_id, create_date_time, modify_user_id, modify_date_time) values(unhex(replace('5a0452fe-d6ea-1034-a268-c6b53a0158b7','-','')), 'General Ledger', '', unhex(replace('ec442df6-3f40-4b52-a312-c6a913ad7ff0','-','')), now(), unhex(replace('ec442df6-3f40-4b52-a312-c6a913ad7ff0','-','')), now());
insert into csm_faq_category (id, name, description, create_user_id, create_date_time, modify_user_id, modify_date_time) values(unhex(replace('11d5f5f7-d6eb-1034-a268-c6b53a0158b7','-','')), 'AP', '', unhex(replace('ec442df6-3f40-4b52-a312-c6a913ad7ff0','-','')), now(), unhex(replace('ec442df6-3f40-4b52-a312-c6a913ad7ff0','-','')), now());
insert into csm_faq_category (id, name, description, create_user_id, create_date_time, modify_user_id, modify_date_time) values(unhex(replace('19b7ca19-d6eb-1034-a268-c6b53a0158b7','-','')), 'AR', '', unhex(replace('ec442df6-3f40-4b52-a312-c6a913ad7ff0','-','')), now(), unhex(replace('ec442df6-3f40-4b52-a312-c6a913ad7ff0','-','')), now());
insert into csm_faq_category (id, name, description, create_user_id, create_date_time, modify_user_id, modify_date_time) values(unhex(replace('2189b421-d6eb-1034-a268-c6b53a0158b7','-','')), 'HR', '', unhex(replace('ec442df6-3f40-4b52-a312-c6a913ad7ff0','-','')), now(), unhex(replace('ec442df6-3f40-4b52-a312-c6a913ad7ff0','-','')), now());
insert into csm_faq_category (id, name, description, create_user_id, create_date_time, modify_user_id, modify_date_time) values(unhex(replace('2a18df1d-d6eb-1034-a268-c6b53a0158b7','-','')), 'EDI', '', unhex(replace('ec442df6-3f40-4b52-a312-c6a913ad7ff0','-','')), now(), unhex(replace('ec442df6-3f40-4b52-a312-c6a913ad7ff0','-','')), now());
insert into csm_faq_category (id, name, description, create_user_id, create_date_time, modify_user_id, modify_date_time) values(unhex(replace('347cbf6c-d6eb-1034-a268-c6b53a0158b7','-','')), 'Product & Kit', '', unhex(replace('ec442df6-3f40-4b52-a312-c6a913ad7ff0','-','')), now(), unhex(replace('ec442df6-3f40-4b52-a312-c6a913ad7ff0','-','')), now());
insert into csm_faq_category (id, name, description, create_user_id, create_date_time, modify_user_id, modify_date_time) values(unhex(replace('3cbef937-d6eb-1034-a268-c6b53a0158b7','-','')), 'Manufacture', '', unhex(replace('ec442df6-3f40-4b52-a312-c6a913ad7ff0','-','')), now(), unhex(replace('ec442df6-3f40-4b52-a312-c6a913ad7ff0','-','')), now());
insert into csm_faq_category (id, name, description, create_user_id, create_date_time, modify_user_id, modify_date_time) values(unhex(replace('43bdc050-d6eb-1034-a268-c6b53a0158b7','-','')), 'Order Status', '', unhex(replace('ec442df6-3f40-4b52-a312-c6a913ad7ff0','-','')), now(), unhex(replace('ec442df6-3f40-4b52-a312-c6a913ad7ff0','-','')), now());
insert into csm_faq_category (id, name, description, create_user_id, create_date_time, modify_user_id, modify_date_time) values(unhex(replace('4ca9a57d-d6eb-1034-a268-c6b53a0158b7','-','')), 'Inventory', '', unhex(replace('ec442df6-3f40-4b52-a312-c6a913ad7ff0','-','')), now(), unhex(replace('ec442df6-3f40-4b52-a312-c6a913ad7ff0','-','')), now());
insert into csm_faq_category (id, name, description, create_user_id, create_date_time, modify_user_id, modify_date_time) values(unhex(replace('53605f57-d6eb-1034-a268-c6b53a0158b7','-','')), 'Job Order', '', unhex(replace('ec442df6-3f40-4b52-a312-c6a913ad7ff0','-','')), now(), unhex(replace('ec442df6-3f40-4b52-a312-c6a913ad7ff0','-','')), now());
insert into csm_faq_category (id, name, description, create_user_id, create_date_time, modify_user_id, modify_date_time) values(unhex(replace('5b890a49-d6eb-1034-a268-c6b53a0158b7','-','')), 'Cust Service', '', unhex(replace('ec442df6-3f40-4b52-a312-c6a913ad7ff0','-','')), now(), unhex(replace('ec442df6-3f40-4b52-a312-c6a913ad7ff0','-','')), now());
insert into csm_faq_category (id, name, description, create_user_id, create_date_time, modify_user_id, modify_date_time) values(unhex(replace('629045d4-d6eb-1034-a268-c6b53a0158b7','-','')), 'RMA', '', unhex(replace('ec442df6-3f40-4b52-a312-c6a913ad7ff0','-','')), now(), unhex(replace('ec442df6-3f40-4b52-a312-c6a913ad7ff0','-','')), now());
insert into csm_faq_category (id, name, description, create_user_id, create_date_time, modify_user_id, modify_date_time) values(unhex(replace('6b58cac2-d6eb-1034-a268-c6b53a0158b7','-','')), 'Marketing', '', unhex(replace('ec442df6-3f40-4b52-a312-c6a913ad7ff0','-','')), now(), unhex(replace('ec442df6-3f40-4b52-a312-c6a913ad7ff0','-','')), now());

insert into csm_faq (id, category_id, question, answer, attachments, active, create_user_id, create_date_time, modify_user_id, modify_date_time) values(unhex(replace('e6b0b1f6-e786-48f1-9b68-9b81d425cc8d','-','')), unhex(replace('5a0452fe-d6ea-1034-a268-c6b53a0158b7','-','')), 'General Ledger question for Kuzcolighting 1', 'General Ledger answer 1', '', 1, unhex(replace('ec442df6-3f40-4b52-a312-c6a913ad7ff0','-','')), now(), unhex(replace('ec442df6-3f40-4b52-a312-c6a913ad7ff0','-','')), now());
insert into csm_faq (id, category_id, question, answer, attachments, active, create_user_id, create_date_time, modify_user_id, modify_date_time) values(unhex(replace('e34abd48-ba60-4f67-935f-34062f2f885f','-','')), unhex(replace('5a0452fe-d6ea-1034-a268-c6b53a0158b7','-','')), 'General Ledger question for LLC 2', 'General Ledger answer 2', '', 1, unhex(replace('ec442df6-3f40-4b52-a312-c6a913ad7ff0','-','')), now(), unhex(replace('ec442df6-3f40-4b52-a312-c6a913ad7ff0','-','')), now());
insert into csm_faq (id, category_id, question, answer, attachments, active, create_user_id, create_date_time, modify_user_id, modify_date_time) values(unhex(replace('e4a11b8e-0816-4320-8453-4887772df3d0','-','')), unhex(replace('5a0452fe-d6ea-1034-a268-c6b53a0158b7','-','')), 'General Ledger question for world 3', 'General Ledger answer 3', '', 1, unhex(replace('ec442df6-3f40-4b52-a312-c6a913ad7ff0','-','')), now(), unhex(replace('ec442df6-3f40-4b52-a312-c6a913ad7ff0','-','')), now());